modelo,acuracia,precision_macro,recall_macro,f1_macro,precision_weighted,recall_weighted,f1_weighted
Gradient Boosting,0.76,0.7584596401759723,0.7447344734473448,0.7491882436735378,0.7606335332355708,0.76,0.7587833780235741
Random Forest,0.76,0.8138297071702244,0.6703379428851977,0.7107592925976914,0.7761177476737822,0.76,0.749683833998141
